Title,Company,Location,Link
Data Scientist,Circle K,"Gurugram, Haryana, India",https://in.linkedin.com/jobs/view/data-scientist-at-circle-k-4269732250?position=1&pageNum=0&refId=qMPHQrgS0tnZRHKdtOoZug%3D%3D&trackingId=g6hHpnLIps7HcHCLxqp7wA%3D%3D
Associate Data Scientist,Circle K,"Gurugram, Haryana, India",https://in.linkedin.com/jobs/view/associate-data-scientist-at-circle-k-4269725120?position=2&pageNum=0&refId=qMPHQrgS0tnZRHKdtOoZug%3D%3D&trackingId=6NGXBZaA5QXeKLN7o16SYQ%3D%3D
Data Scientist,Circle K,"Gurugram, Haryana, India",https://in.linkedin.com/jobs/view/data-scientist-at-circle-k-4269726270?position=3&pageNum=0&refId=qMPHQrgS0tnZRHKdtOoZug%3D%3D&trackingId=aUbnxfM14sWD9v%2Bw6imdzw%3D%3D
Data Scientist,KPMG,"Bengaluru, Karnataka, India",https://in.linkedin.com/jobs/view/data-scientist-at-kpmg-4268200771?position=4&pageNum=0&refId=qMPHQrgS0tnZRHKdtOoZug%3D%3D&trackingId=9fIRKsl%2Fr%2FKnzofBGVcyQw%3D%3D
,,,https://in.linkedin.com/jobs/view/data-scientist-at-pepsico-4270656480?position=5&pageNum=0&refId=qMPHQrgS0tnZRHKdtOoZug%3D%3D&trackingId=bzt8tyJdMJIDoEl7K06D6w%3D%3D
,,,https://in.linkedin.com/jobs/view/ai-ml-at-infosys-4271805532?position=6&pageNum=0&refId=qMPHQrgS0tnZRHKdtOoZug%3D%3D&trackingId=fTpyX7wW0yTu1tUGgBy72A%3D%3D
,,,https://in.linkedin.com/jobs/view/data-scientist-i-at-swiggy-4271311332?position=7&pageNum=0&refId=qMPHQrgS0tnZRHKdtOoZug%3D%3D&trackingId=%2BYFyUZaCr7%2BPU0pmgYCKjw%3D%3D
,,,https://in.linkedin.com/jobs/view/data-scientist-at-ltimindtree-4268301803?position=8&pageNum=0&refId=qMPHQrgS0tnZRHKdtOoZug%3D%3D&trackingId=tDktt2s3GHZsFHwunOrVSA%3D%3D
,,,https://in.linkedin.com/jobs/view/executive-python-at-kpmg-india-4271429832?position=9&pageNum=0&refId=qMPHQrgS0tnZRHKdtOoZug%3D%3D&trackingId=BlFXj25sf8YhrCmaszXFXA%3D%3D
,,,https://in.linkedin.com/jobs/view/data-science-at-royal-enfield-4269144430?position=10&pageNum=0&refId=qMPHQrgS0tnZRHKdtOoZug%3D%3D&trackingId=0DUA%2F6qadSa00ioU5LS4cg%3D%3D
